bs_year,baishakh,jestha,ashadh,shrawan,bhadra,ashwin,kartik,mangsir,poush,magh,falgun,chaitra,year_total,confidence,method_version,run_id,publication_status,risk_flags
2084,31,31,31,31,31,31,30,30,29,30,30,30,365,computed_high,parva_solar_ingress_calibrated_v2,parva_solar_ingress_calibrated_v2_2026_05_06_001,not_official_publication,civil_rule_disagreement;manual_review_recommended;model_disagreement;outside_static_lookup;sankranti_moderately_near_civil_assignment_boundary;sankranti_near_civil_assignment_boundary
2085,31,31,32,31,31,31,30,29,30,29,30,30,365,computed_medium,parva_solar_ingress_calibrated_v2,parva_solar_ingress_calibrated_v2_2026_05_06_001,not_official_publication,civil_rule_disagreement;historically_sensitive_month;manual_review_recommended;model_disagreement;outside_static_lookup;sankranti_moderately_near_civil_assignment_boundary;sankranti_near_civil_assignment_boundary
2086,31,31,32,31,31,31,30,29,30,29,30,30,365,computed_very_high,parva_solar_ingress_calibrated_v2,parva_solar_ingress_calibrated_v2_2026_05_06_001,not_official_publication,civil_rule_disagreement;manual_review_recommended;outside_static_lookup;sankranti_moderately_near_civil_assignment_boundary;sankranti_near_civil_assignment_boundary
2087,31,31,31,31,31,31,30,30,29,30,30,30,365,computed_high,parva_solar_ingress_calibrated_v2,parva_solar_ingress_calibrated_v2_2026_05_06_001,not_official_publication,civil_rule_disagreement;historically_sensitive_month;manual_review_recommended;model_disagreement;outside_static_lookup;sankranti_moderately_near_civil_assignment_boundary;sankranti_near_civil_assignment_boundary
2088,31,31,31,31,31,31,30,30,29,30,30,30,365,computed_high,parva_solar_ingress_calibrated_v2,parva_solar_ingress_calibrated_v2_2026_05_06_001,not_official_publication,civil_rule_disagreement;manual_review_recommended;model_disagreement;outside_static_lookup;sankranti_moderately_near_civil_assignment_boundary;sankranti_near_civil_assignment_boundary
2089,31,31,32,31,31,31,30,29,30,29,30,30,365,computed_medium,parva_solar_ingress_calibrated_v2,parva_solar_ingress_calibrated_v2_2026_05_06_001,not_official_publication,civil_rule_disagreement;historically_sensitive_month;manual_review_recommended;model_disagreement;outside_static_lookup;sankranti_moderately_near_civil_assignment_boundary;sankranti_near_civil_assignment_boundary
2090,31,31,32,31,31,31,30,29,30,29,30,30,365,computed_very_high,parva_solar_ingress_calibrated_v2,parva_solar_ingress_calibrated_v2_2026_05_06_001,not_official_publication,civil_rule_disagreement;manual_review_recommended;outside_static_lookup;sankranti_moderately_near_civil_assignment_boundary;sankranti_near_civil_assignment_boundary
2091,31,32,31,31,31,31,30,30,29,30,30,31,367,computed_medium,parva_solar_ingress_calibrated_v2,parva_solar_ingress_calibrated_v2_2026_05_06_001,not_official_publication,civil_rule_disagreement;historically_sensitive_month;manual_review_recommended;model_disagreement;outside_static_lookup;sankranti_moderately_near_civil_assignment_boundary;sankranti_near_civil_assignment_boundary
2092,31,31,31,31,31,31,30,30,29,30,30,30,365,computed_high,parva_solar_ingress_calibrated_v2,parva_solar_ingress_calibrated_v2_2026_05_06_001,not_official_publication,civil_rule_disagreement;manual_review_recommended;model_disagreement;outside_static_lookup;sankranti_moderately_near_civil_assignment_boundary;sankranti_near_civil_assignment_boundary
2093,31,31,32,31,31,31,30,30,29,30,30,30,366,computed_high,parva_solar_ingress_calibrated_v2,parva_solar_ingress_calibrated_v2_2026_05_06_001,not_official_publication,civil_rule_disagreement;manual_review_recommended;model_disagreement;outside_static_lookup;sankranti_moderately_near_civil_assignment_boundary;sankranti_near_civil_assignment_boundary
2094,31,31,32,31,31,31,30,30,29,30,30,30,366,computed_high,parva_solar_ingress_calibrated_v2,parva_solar_ingress_calibrated_v2_2026_05_06_001,not_official_publication,civil_rule_disagreement;historically_sensitive_month;manual_review_recommended;model_disagreement;outside_static_lookup;sankranti_moderately_near_civil_assignment_boundary;sankranti_near_civil_assignment_boundary
2095,31,32,31,31,31,31,30,30,29,30,29,31,366,computed_medium,parva_solar_ingress_calibrated_v2,parva_solar_ingress_calibrated_v2_2026_05_06_001,not_official_publication,civil_rule_disagreement;historically_sensitive_month;manual_review_recommended;model_disagreement;outside_static_lookup;sankranti_moderately_near_civil_assignment_boundary;sankranti_near_civil_assignment_boundary
2096,31,31,31,31,31,31,30,30,29,30,30,30,365,computed_high,parva_solar_ingress_calibrated_v2,parva_solar_ingress_calibrated_v2_2026_05_06_001,not_official_publication,civil_rule_disagreement;manual_review_recommended;model_disagreement;outside_static_lookup;sankranti_moderately_near_civil_assignment_boundary;sankranti_near_civil_assignment_boundary
2097,31,31,32,31,31,31,30,30,29,30,30,30,366,computed_high,parva_solar_ingress_calibrated_v2,parva_solar_ingress_calibrated_v2_2026_05_06_001,not_official_publication,civil_rule_disagreement;manual_review_recommended;model_disagreement;outside_static_lookup;sankranti_moderately_near_civil_assignment_boundary;sankranti_near_civil_assignment_boundary
2098,31,31,32,31,31,31,30,30,29,30,30,31,367,computed_high,parva_solar_ingress_calibrated_v2,parva_solar_ingress_calibrated_v2_2026_05_06_001,not_official_publication,civil_rule_disagreement;historically_sensitive_month;manual_review_recommended;model_disagreement;outside_static_lookup;sankranti_moderately_near_civil_assignment_boundary;sankranti_near_civil_assignment_boundary
2099,30,32,31,31,31,31,30,30,29,30,29,31,365,computed_medium,parva_solar_ingress_calibrated_v2,parva_solar_ingress_calibrated_v2_2026_05_06_001,not_official_publication,civil_rule_disagreement;historically_sensitive_month;manual_review_recommended;model_disagreement;outside_static_lookup;sankranti_moderately_near_civil_assignment_boundary;sankranti_near_civil_assignment_boundary
2100,31,31,31,31,31,31,30,30,29,30,30,30,365,computed_medium,parva_solar_ingress_calibrated_v2,parva_solar_ingress_calibrated_v2_2026_05_06_001,not_official_publication,civil_rule_disagreement;manual_review_recommended;model_disagreement;outside_static_lookup;sankranti_moderately_near_civil_assignment_boundary;sankranti_near_civil_assignment_boundary
2101,31,31,32,31,31,31,30,30,30,29,30,30,366,computed_high,parva_solar_ingress_calibrated_v2,parva_solar_ingress_calibrated_v2_2026_05_06_001,not_official_publication,civil_rule_disagreement;manual_review_recommended;model_disagreement;outside_static_lookup;sankranti_moderately_near_civil_assignment_boundary;sankranti_near_civil_assignment_boundary
2102,31,31,32,31,31,31,30,30,29,30,30,31,367,computed_medium,parva_solar_ingress_calibrated_v2,parva_solar_ingress_calibrated_v2_2026_05_06_001,not_official_publication,civil_rule_disagreement;historically_sensitive_month;manual_review_recommended;model_disagreement;outside_static_lookup;sankranti_moderately_near_civil_assignment_boundary;sankranti_near_civil_assignment_boundary
2103,30,32,31,31,31,31,30,30,29,30,29,31,365,computed_medium,parva_solar_ingress_calibrated_v2,parva_solar_ingress_calibrated_v2_2026_05_06_001,not_official_publication,civil_rule_disagreement;historically_sensitive_month;manual_review_recommended;model_disagreement;outside_static_lookup;sankranti_moderately_near_civil_assignment_boundary;sankranti_near_civil_assignment_boundary
2104,31,31,31,31,31,31,30,30,29,30,30,30,365,computed_medium,parva_solar_ingress_calibrated_v2,parva_solar_ingress_calibrated_v2_2026_05_06_001,not_official_publication,civil_rule_disagreement;manual_review_recommended;model_disagreement;outside_static_lookup;sankranti_moderately_near_civil_assignment_boundary;sankranti_near_civil_assignment_boundary
2105,31,31,32,31,31,31,30,30,30,29,30,30,366,computed_high,parva_solar_ingress_calibrated_v2,parva_solar_ingress_calibrated_v2_2026_05_06_001,not_official_publication,civil_rule_disagreement;historically_sensitive_month;manual_review_recommended;model_disagreement;outside_static_lookup;sankranti_moderately_near_civil_assignment_boundary;sankranti_near_civil_assignment_boundary
2106,31,31,32,31,31,31,30,30,29,30,30,31,367,computed_medium,parva_solar_ingress_calibrated_v2,parva_solar_ingress_calibrated_v2_2026_05_06_001,not_official_publication,civil_rule_disagreement;historically_sensitive_month;manual_review_recommended;model_disagreement;outside_static_lookup;sankranti_moderately_near_civil_assignment_boundary;sankranti_near_civil_assignment_boundary
2107,30,32,31,31,31,31,30,30,29,30,29,31,365,computed_medium,parva_solar_ingress_calibrated_v2,parva_solar_ingress_calibrated_v2_2026_05_06_001,not_official_publication,civil_rule_disagreement;historically_sensitive_month;manual_review_recommended;model_disagreement;outside_static_lookup;sankranti_moderately_near_civil_assignment_boundary;sankranti_near_civil_assignment_boundary
2108,31,31,31,32,31,30,30,30,30,29,30,30,365,computed_high,parva_solar_ingress_calibrated_v2,parva_solar_ingress_calibrated_v2_2026_05_06_001,not_official_publication,civil_rule_disagreement;manual_review_recommended;model_disagreement;outside_static_lookup;sankranti_moderately_near_civil_assignment_boundary;sankranti_near_civil_assignment_boundary
2109,31,31,32,31,31,31,30,30,30,29,30,30,366,computed_medium,parva_solar_ingress_calibrated_v2,parva_solar_ingress_calibrated_v2_2026_05_06_001,not_official_publication,civil_rule_disagreement;manual_review_recommended;model_disagreement;outside_static_lookup;sankranti_moderately_near_civil_assignment_boundary;sankranti_near_civil_assignment_boundary
2110,31,31,32,31,31,31,30,30,29,30,30,31,367,computed_medium,parva_solar_ingress_calibrated_v2,parva_solar_ingress_calibrated_v2_2026_05_06_001,not_official_publication,civil_rule_disagreement;manual_review_recommended;model_disagreement;outside_static_lookup;sankranti_moderately_near_civil_assignment_boundary;sankranti_near_civil_assignment_boundary
2111,30,32,31,31,31,31,30,30,29,30,29,31,365,computed_medium,parva_solar_ingress_calibrated_v2,parva_solar_ingress_calibrated_v2_2026_05_06_001,not_official_publication,civil_rule_disagreement;historically_sensitive_month;manual_review_recommended;model_disagreement;outside_static_lookup;sankranti_moderately_near_civil_assignment_boundary;sankranti_near_civil_assignment_boundary
2112,31,31,31,32,31,31,30,29,30,29,30,30,365,computed_medium,parva_solar_ingress_calibrated_v2,parva_solar_ingress_calibrated_v2_2026_05_06_001,not_official_publication,civil_rule_disagreement;historically_sensitive_month;manual_review_recommended;model_disagreement;outside_static_lookup;sankranti_moderately_near_civil_assignment_boundary;sankranti_near_civil_assignment_boundary
2113,31,31,31,31,31,31,30,29,30,29,30,30,364,computed_medium,parva_solar_ingress_calibrated_v2,parva_solar_ingress_calibrated_v2_2026_05_06_001,not_official_publication,civil_rule_disagreement;historically_sensitive_month;manual_review_recommended;model_disagreement;outside_static_lookup;sankranti_moderately_near_civil_assignment_boundary;sankranti_near_civil_assignment_boundary
2114,31,31,32,31,31,31,30,30,29,30,30,30,366,computed_high,parva_solar_ingress_calibrated_v2,parva_solar_ingress_calibrated_v2_2026_05_06_001,not_official_publication,civil_rule_disagreement;manual_review_recommended;outside_static_lookup;sankranti_moderately_near_civil_assignment_boundary;sankranti_near_civil_assignment_boundary
2115,30,32,31,31,31,31,30,30,29,30,30,30,365,computed_medium,parva_solar_ingress_calibrated_v2,parva_solar_ingress_calibrated_v2_2026_05_06_001,not_official_publication,civil_rule_disagreement;manual_review_recommended;model_disagreement;outside_static_lookup;sankranti_moderately_near_civil_assignment_boundary;sankranti_near_civil_assignment_boundary
2116,31,31,31,32,31,31,30,29,30,29,30,30,365,computed_medium,parva_solar_ingress_calibrated_v2,parva_solar_ingress_calibrated_v2_2026_05_06_001,not_official_publication,civil_rule_disagreement;historically_sensitive_month;manual_review_recommended;model_disagreement;outside_static_lookup;sankranti_moderately_near_civil_assignment_boundary;sankranti_near_civil_assignment_boundary
2117,31,31,31,31,31,31,30,29,30,29,30,30,364,computed_low,parva_solar_ingress_calibrated_v2,parva_solar_ingress_calibrated_v2_2026_05_06_001,not_official_publication,civil_rule_disagreement;historically_sensitive_month;manual_review_recommended;model_disagreement;outside_static_lookup;sankranti_moderately_near_civil_assignment_boundary;sankranti_near_civil_assignment_boundary
2118,31,31,31,31,31,31,30,30,29,30,30,30,365,computed_high,parva_solar_ingress_calibrated_v2,parva_solar_ingress_calibrated_v2_2026_05_06_001,not_official_publication,civil_rule_disagreement;manual_review_recommended;model_disagreement;outside_static_lookup;sankranti_moderately_near_civil_assignment_boundary;sankranti_near_civil_assignment_boundary
2119,30,32,31,31,31,31,30,30,29,30,30,30,365,computed_medium,parva_solar_ingress_calibrated_v2,parva_solar_ingress_calibrated_v2_2026_05_06_001,not_official_publication,civil_rule_disagreement;historically_sensitive_month;manual_review_recommended;model_disagreement;outside_static_lookup;sankranti_moderately_near_civil_assignment_boundary;sankranti_near_civil_assignment_boundary
2120,31,31,31,32,31,31,30,29,30,29,30,30,365,computed_medium,parva_solar_ingress_calibrated_v2,parva_solar_ingress_calibrated_v2_2026_05_06_001,not_official_publication,civil_rule_disagreement;historically_sensitive_month;manual_review_recommended;model_disagreement;outside_static_lookup;sankranti_moderately_near_civil_assignment_boundary;sankranti_near_civil_assignment_boundary
2121,31,31,31,31,31,31,30,29,30,29,30,30,364,computed_medium,parva_solar_ingress_calibrated_v2,parva_solar_ingress_calibrated_v2_2026_05_06_001,not_official_publication,civil_rule_disagreement;historically_sensitive_month;manual_review_recommended;model_disagreement;outside_static_lookup;sankranti_moderately_near_civil_assignment_boundary;sankranti_near_civil_assignment_boundary
2122,31,31,31,31,31,31,30,30,29,30,30,30,365,computed_medium,parva_solar_ingress_calibrated_v2,parva_solar_ingress_calibrated_v2_2026_05_06_001,not_official_publication,civil_rule_disagreement;manual_review_recommended;model_disagreement;outside_static_lookup;sankranti_moderately_near_civil_assignment_boundary;sankranti_near_civil_assignment_boundary
2123,31,31,31,31,31,31,30,30,29,30,30,30,365,computed_medium,parva_solar_ingress_calibrated_v2,parva_solar_ingress_calibrated_v2_2026_05_06_001,not_official_publication,civil_rule_disagreement;historically_sensitive_month;manual_review_recommended;model_disagreement;outside_static_lookup;sankranti_moderately_near_civil_assignment_boundary;sankranti_near_civil_assignment_boundary
2124,31,31,31,32,31,31,30,29,30,29,30,30,365,computed_medium,parva_solar_ingress_calibrated_v2,parva_solar_ingress_calibrated_v2_2026_05_06_001,not_official_publication,civil_rule_disagreement;historically_sensitive_month;manual_review_recommended;model_disagreement;outside_static_lookup;sankranti_moderately_near_civil_assignment_boundary;sankranti_near_civil_assignment_boundary
2125,31,31,32,31,31,31,30,29,30,29,30,30,365,computed_medium,parva_solar_ingress_calibrated_v2,parva_solar_ingress_calibrated_v2_2026_05_06_001,not_official_publication,civil_rule_disagreement;historically_sensitive_month;manual_review_recommended;model_disagreement;outside_static_lookup;sankranti_moderately_near_civil_assignment_boundary;sankranti_near_civil_assignment_boundary
2126,31,31,31,31,31,31,30,30,29,30,30,30,365,computed_medium,parva_solar_ingress_calibrated_v2,parva_solar_ingress_calibrated_v2_2026_05_06_001,not_official_publication,civil_rule_disagreement;historically_sensitive_month;manual_review_recommended;model_disagreement;outside_static_lookup;sankranti_moderately_near_civil_assignment_boundary;sankranti_near_civil_assignment_boundary
2127,31,31,31,31,31,31,30,30,29,30,30,30,365,computed_low,parva_solar_ingress_calibrated_v2,parva_solar_ingress_calibrated_v2_2026_05_06_001,not_official_publication,civil_rule_disagreement;historically_sensitive_month;manual_review_recommended;model_disagreement;outside_static_lookup;sankranti_moderately_near_civil_assignment_boundary;sankranti_near_civil_assignment_boundary
2128,31,31,32,31,31,31,30,29,30,29,30,30,365,computed_medium,parva_solar_ingress_calibrated_v2,parva_solar_ingress_calibrated_v2_2026_05_06_001,not_official_publication,civil_rule_disagreement;historically_sensitive_month;manual_review_recommended;model_disagreement;outside_static_lookup;sankranti_moderately_near_civil_assignment_boundary;sankranti_near_civil_assignment_boundary
2129,31,31,32,31,31,31,30,29,30,29,30,30,365,computed_medium,parva_solar_ingress_calibrated_v2,parva_solar_ingress_calibrated_v2_2026_05_06_001,not_official_publication,civil_rule_disagreement;historically_sensitive_month;manual_review_recommended;model_disagreement;outside_static_lookup;sankranti_moderately_near_civil_assignment_boundary;sankranti_near_civil_assignment_boundary
2130,31,32,31,31,31,31,30,30,29,30,30,31,367,computed_medium,parva_solar_ingress_calibrated_v2,parva_solar_ingress_calibrated_v2_2026_05_06_001,not_official_publication,civil_rule_disagreement;historically_sensitive_month;manual_review_recommended;model_disagreement;outside_static_lookup;sankranti_moderately_near_civil_assignment_boundary;sankranti_near_civil_assignment_boundary
2131,31,31,31,31,31,31,30,30,29,30,30,30,365,computed_medium,parva_solar_ingress_calibrated_v2,parva_solar_ingress_calibrated_v2_2026_05_06_001,not_official_publication,civil_rule_disagreement;historically_sensitive_month;manual_review_recommended;model_disagreement;outside_static_lookup;sankranti_moderately_near_civil_assignment_boundary;sankranti_near_civil_assignment_boundary
2132,31,31,32,31,31,31,30,30,29,30,30,30,366,computed_low,parva_solar_ingress_calibrated_v2,parva_solar_ingress_calibrated_v2_2026_05_06_001,not_official_publication,civil_rule_disagreement;historically_sensitive_month;manual_review_recommended;model_disagreement;outside_static_lookup;sankranti_moderately_near_civil_assignment_boundary;sankranti_near_civil_assignment_boundary
2133,31,31,32,31,31,31,30,30,29,30,30,30,366,computed_medium,parva_solar_ingress_calibrated_v2,parva_solar_ingress_calibrated_v2_2026_05_06_001,not_official_publication,civil_rule_disagreement;historically_sensitive_month;manual_review_recommended;model_disagreement;outside_static_lookup;sankranti_moderately_near_civil_assignment_boundary;sankranti_near_civil_assignment_boundary
2134,31,32,31,31,31,31,30,30,29,30,29,31,366,computed_low,parva_solar_ingress_calibrated_v2,parva_solar_ingress_calibrated_v2_2026_05_06_001,not_official_publication,civil_rule_disagreement;historically_sensitive_month;manual_review_recommended;model_disagreement;outside_static_lookup;sankranti_moderately_near_civil_assignment_boundary;sankranti_near_civil_assignment_boundary
2135,31,31,31,31,31,31,30,30,29,30,30,30,365,computed_medium,parva_solar_ingress_calibrated_v2,parva_solar_ingress_calibrated_v2_2026_05_06_001,not_official_publication,civil_rule_disagreement;historically_sensitive_month;manual_review_recommended;model_disagreement;outside_static_lookup;sankranti_moderately_near_civil_assignment_boundary;sankranti_near_civil_assignment_boundary
2136,31,31,32,31,31,31,30,30,29,30,30,30,366,computed_low,parva_solar_ingress_calibrated_v2,parva_solar_ingress_calibrated_v2_2026_05_06_001,not_official_publication,civil_rule_disagreement;historically_sensitive_month;manual_review_recommended;model_disagreement;outside_static_lookup;sankranti_moderately_near_civil_assignment_boundary;sankranti_near_civil_assignment_boundary
2137,31,31,32,31,31,31,30,30,29,30,30,30,366,computed_medium,parva_solar_ingress_calibrated_v2,parva_solar_ingress_calibrated_v2_2026_05_06_001,not_official_publication,civil_rule_disagreement;historically_sensitive_month;manual_review_recommended;outside_static_lookup;sankranti_moderately_near_civil_assignment_boundary;sankranti_near_civil_assignment_boundary;unusual_year_total
2138,31,32,31,31,31,31,30,30,29,30,29,31,366,computed_low,parva_solar_ingress_calibrated_v2,parva_solar_ingress_calibrated_v2_2026_05_06_001,not_official_publication,civil_rule_disagreement;historically_sensitive_month;manual_review_recommended;model_disagreement;outside_static_lookup;sankranti_moderately_near_civil_assignment_boundary;sankranti_near_civil_assignment_boundary
2139,31,31,31,31,31,31,30,30,29,30,30,30,365,computed_medium,parva_solar_ingress_calibrated_v2,parva_solar_ingress_calibrated_v2_2026_05_06_001,not_official_publication,civil_rule_disagreement;historically_sensitive_month;manual_review_recommended;model_disagreement;outside_static_lookup;sankranti_moderately_near_civil_assignment_boundary;sankranti_near_civil_assignment_boundary
2140,31,31,32,31,31,31,30,30,30,29,30,30,366,computed_low,parva_solar_ingress_calibrated_v2,parva_solar_ingress_calibrated_v2_2026_05_06_001,not_official_publication,civil_rule_disagreement;historically_sensitive_month;manual_review_recommended;model_disagreement;outside_static_lookup;sankranti_moderately_near_civil_assignment_boundary;sankranti_near_civil_assignment_boundary
2141,31,31,32,31,31,31,30,30,29,30,30,31,367,computed_medium,parva_solar_ingress_calibrated_v2,parva_solar_ingress_calibrated_v2_2026_05_06_001,not_official_publication,civil_rule_disagreement;historically_sensitive_month;manual_review_recommended;model_disagreement;outside_static_lookup;sankranti_moderately_near_civil_assignment_boundary;sankranti_near_civil_assignment_boundary
2142,30,32,31,31,31,31,30,30,29,30,29,31,365,computed_low,parva_solar_ingress_calibrated_v2,parva_solar_ingress_calibrated_v2_2026_05_06_001,not_official_publication,civil_rule_disagreement;historically_sensitive_month;manual_review_recommended;model_disagreement;outside_static_lookup;sankranti_moderately_near_civil_assignment_boundary;sankranti_near_civil_assignment_boundary
2143,31,31,31,31,31,31,30,30,29,30,30,30,365,computed_medium,parva_solar_ingress_calibrated_v2,parva_solar_ingress_calibrated_v2_2026_05_06_001,not_official_publication,civil_rule_disagreement;historically_sensitive_month;manual_review_recommended;model_disagreement;outside_static_lookup;sankranti_moderately_near_civil_assignment_boundary;sankranti_near_civil_assignment_boundary
2144,31,31,32,31,31,31,30,30,30,29,30,30,366,computed_medium,parva_solar_ingress_calibrated_v2,parva_solar_ingress_calibrated_v2_2026_05_06_001,not_official_publication,civil_rule_disagreement;historically_sensitive_month;manual_review_recommended;model_disagreement;outside_static_lookup;sankranti_moderately_near_civil_assignment_boundary;sankranti_near_civil_assignment_boundary
2145,31,31,32,31,31,31,30,30,29,30,30,31,367,computed_medium,parva_solar_ingress_calibrated_v2,parva_solar_ingress_calibrated_v2_2026_05_06_001,not_official_publication,civil_rule_disagreement;historically_sensitive_month;manual_review_recommended;model_disagreement;outside_static_lookup;sankranti_moderately_near_civil_assignment_boundary;sankranti_near_civil_assignment_boundary
2146,30,32,31,31,31,31,30,30,29,30,29,31,365,computed_medium,parva_solar_ingress_calibrated_v2,parva_solar_ingress_calibrated_v2_2026_05_06_001,not_official_publication,civil_rule_disagreement;historically_sensitive_month;manual_review_recommended;model_disagreement;outside_static_lookup;sankranti_moderately_near_civil_assignment_boundary;sankranti_near_civil_assignment_boundary
2147,31,31,31,31,31,31,30,30,30,29,30,30,365,computed_medium,parva_solar_ingress_calibrated_v2,parva_solar_ingress_calibrated_v2_2026_05_06_001,not_official_publication,civil_rule_disagreement;historically_sensitive_month;manual_review_recommended;model_disagreement;outside_static_lookup;sankranti_moderately_near_civil_assignment_boundary;sankranti_near_civil_assignment_boundary
2148,31,31,32,31,31,31,30,29,30,29,30,30,365,computed_low,parva_solar_ingress_calibrated_v2,parva_solar_ingress_calibrated_v2_2026_05_06_001,not_official_publication,civil_rule_disagreement;historically_sensitive_month;manual_review_recommended;model_disagreement;outside_static_lookup;sankranti_moderately_near_civil_assignment_boundary;sankranti_near_civil_assignment_boundary
2149,31,31,32,31,31,31,30,30,29,30,30,31,367,computed_medium,parva_solar_ingress_calibrated_v2,parva_solar_ingress_calibrated_v2_2026_05_06_001,not_official_publication,civil_rule_disagreement;historically_sensitive_month;manual_review_recommended;model_disagreement;outside_static_lookup;sankranti_moderately_near_civil_assignment_boundary;sankranti_near_civil_assignment_boundary
2150,30,32,31,31,31,31,30,30,29,30,29,31,365,computed_low,parva_solar_ingress_calibrated_v2,parva_solar_ingress_calibrated_v2_2026_05_06_001,not_official_publication,civil_rule_disagreement;historically_sensitive_month;long_horizon;manual_review_recommended;model_disagreement;outside_static_lookup;sankranti_moderately_near_civil_assignment_boundary;sankranti_near_civil_assignment_boundary
2151,31,31,31,32,31,31,30,29,30,29,30,30,365,computed_low,parva_solar_ingress_calibrated_v2,parva_solar_ingress_calibrated_v2_2026_05_06_001,not_official_publication,civil_rule_disagreement;historically_sensitive_month;long_horizon;manual_review_recommended;model_disagreement;outside_static_lookup;sankranti_moderately_near_civil_assignment_boundary;sankranti_near_civil_assignment_boundary
2152,31,31,31,31,31,31,30,29,30,29,30,30,364,computed_low,parva_solar_ingress_calibrated_v2,parva_solar_ingress_calibrated_v2_2026_05_06_001,not_official_publication,civil_rule_disagreement;historically_sensitive_month;long_horizon;manual_review_recommended;model_disagreement;outside_static_lookup;sankranti_moderately_near_civil_assignment_boundary;sankranti_near_civil_assignment_boundary
2153,31,31,32,31,31,31,30,30,29,30,30,31,367,computed_low,parva_solar_ingress_calibrated_v2,parva_solar_ingress_calibrated_v2_2026_05_06_001,not_official_publication,civil_rule_disagreement;historically_sensitive_month;long_horizon;manual_review_recommended;model_disagreement;outside_static_lookup;sankranti_moderately_near_civil_assignment_boundary;sankranti_near_civil_assignment_boundary
2154,30,32,31,31,31,31,30,30,29,30,30,30,365,computed_low,parva_solar_ingress_calibrated_v2,parva_solar_ingress_calibrated_v2_2026_05_06_001,not_official_publication,civil_rule_disagreement;historically_sensitive_month;long_horizon;manual_review_recommended;model_disagreement;outside_static_lookup;sankranti_moderately_near_civil_assignment_boundary;sankranti_near_civil_assignment_boundary
2155,31,31,31,32,31,31,30,29,30,29,30,30,365,computed_low,parva_solar_ingress_calibrated_v2,parva_solar_ingress_calibrated_v2_2026_05_06_001,not_official_publication,civil_rule_disagreement;historically_sensitive_month;long_horizon;manual_review_recommended;model_disagreement;outside_static_lookup;sankranti_moderately_near_civil_assignment_boundary;sankranti_near_civil_assignment_boundary
2156,31,31,31,31,31,31,30,29,30,29,30,30,364,computed_low,parva_solar_ingress_calibrated_v2,parva_solar_ingress_calibrated_v2_2026_05_06_001,not_official_publication,civil_rule_disagreement;historically_sensitive_month;long_horizon;manual_review_recommended;model_disagreement;outside_static_lookup;sankranti_moderately_near_civil_assignment_boundary;sankranti_near_civil_assignment_boundary
2157,31,31,31,31,31,31,30,30,29,30,30,30,365,computed_low,parva_solar_ingress_calibrated_v2,parva_solar_ingress_calibrated_v2_2026_05_06_001,not_official_publication,civil_rule_disagreement;historically_sensitive_month;long_horizon;manual_review_recommended;model_disagreement;outside_static_lookup;sankranti_moderately_near_civil_assignment_boundary;sankranti_near_civil_assignment_boundary
2158,30,32,31,31,31,31,30,30,29,30,30,30,365,computed_low,parva_solar_ingress_calibrated_v2,parva_solar_ingress_calibrated_v2_2026_05_06_001,not_official_publication,civil_rule_disagreement;historically_sensitive_month;long_horizon;manual_review_recommended;model_disagreement;outside_static_lookup;sankranti_moderately_near_civil_assignment_boundary;sankranti_near_civil_assignment_boundary
2159,31,31,31,32,31,31,30,29,30,29,30,30,365,computed_low,parva_solar_ingress_calibrated_v2,parva_solar_ingress_calibrated_v2_2026_05_06_001,not_official_publication,civil_rule_disagreement;historically_sensitive_month;long_horizon;manual_review_recommended;model_disagreement;outside_static_lookup;sankranti_moderately_near_civil_assignment_boundary;sankranti_near_civil_assignment_boundary
2160,31,31,31,31,31,31,30,29,30,29,30,30,364,computed_low,parva_solar_ingress_calibrated_v2,parva_solar_ingress_calibrated_v2_2026_05_06_001,not_official_publication,civil_rule_disagreement;historically_sensitive_month;long_horizon;manual_review_recommended;model_disagreement;outside_static_lookup;sankranti_moderately_near_civil_assignment_boundary;sankranti_near_civil_assignment_boundary
2161,31,31,31,31,31,31,30,30,29,30,30,30,365,computed_low,parva_solar_ingress_calibrated_v2,parva_solar_ingress_calibrated_v2_2026_05_06_001,not_official_publication,civil_rule_disagreement;historically_sensitive_month;long_horizon;manual_review_recommended;model_disagreement;outside_static_lookup;sankranti_moderately_near_civil_assignment_boundary;sankranti_near_civil_assignment_boundary
2162,31,31,31,31,31,31,30,30,29,30,30,30,365,computed_low,parva_solar_ingress_calibrated_v2,parva_solar_ingress_calibrated_v2_2026_05_06_001,not_official_publication,civil_rule_disagreement;historically_sensitive_month;long_horizon;manual_review_recommended;model_disagreement;outside_static_lookup;sankranti_moderately_near_civil_assignment_boundary;sankranti_near_civil_assignment_boundary
2163,31,31,31,32,31,31,30,29,30,29,30,30,365,computed_low,parva_solar_ingress_calibrated_v2,parva_solar_ingress_calibrated_v2_2026_05_06_001,not_official_publication,civil_rule_disagreement;historically_sensitive_month;long_horizon;manual_review_recommended;model_disagreement;outside_static_lookup;sankranti_moderately_near_civil_assignment_boundary;sankranti_near_civil_assignment_boundary
2164,31,31,32,31,31,31,30,29,30,29,30,30,365,computed_medium,parva_solar_ingress_calibrated_v2,parva_solar_ingress_calibrated_v2_2026_05_06_001,not_official_publication,civil_rule_disagreement;historically_sensitive_month;long_horizon;manual_review_recommended;outside_static_lookup;sankranti_moderately_near_civil_assignment_boundary;sankranti_near_civil_assignment_boundary
2165,31,31,31,31,31,31,30,30,29,30,30,30,365,computed_low,parva_solar_ingress_calibrated_v2,parva_solar_ingress_calibrated_v2_2026_05_06_001,not_official_publication,civil_rule_disagreement;historically_sensitive_month;long_horizon;manual_review_recommended;model_disagreement;outside_static_lookup;sankranti_moderately_near_civil_assignment_boundary;sankranti_near_civil_assignment_boundary
2166,31,31,31,31,31,31,30,30,29,30,30,30,365,computed_low,parva_solar_ingress_calibrated_v2,parva_solar_ingress_calibrated_v2_2026_05_06_001,not_official_publication,civil_rule_disagreement;historically_sensitive_month;long_horizon;manual_review_recommended;model_disagreement;outside_static_lookup;sankranti_moderately_near_civil_assignment_boundary;sankranti_near_civil_assignment_boundary
2167,31,31,32,31,31,31,30,29,30,29,30,30,365,computed_low,parva_solar_ingress_calibrated_v2,parva_solar_ingress_calibrated_v2_2026_05_06_001,not_official_publication,civil_rule_disagreement;historically_sensitive_month;long_horizon;manual_review_recommended;model_disagreement;outside_static_lookup;sankranti_moderately_near_civil_assignment_boundary;sankranti_near_civil_assignment_boundary
2168,31,31,32,31,31,31,30,29,30,29,30,30,365,computed_medium,parva_solar_ingress_calibrated_v2,parva_solar_ingress_calibrated_v2_2026_05_06_001,not_official_publication,civil_rule_disagreement;historically_sensitive_month;long_horizon;manual_review_recommended;outside_static_lookup;sankranti_moderately_near_civil_assignment_boundary;sankranti_near_civil_assignment_boundary
2169,31,32,31,31,31,31,30,30,29,30,30,31,367,computed_low,parva_solar_ingress_calibrated_v2,parva_solar_ingress_calibrated_v2_2026_05_06_001,not_official_publication,civil_rule_disagreement;historically_sensitive_month;long_horizon;manual_review_recommended;model_disagreement;outside_static_lookup;sankranti_moderately_near_civil_assignment_boundary;sankranti_near_civil_assignment_boundary
2170,31,31,31,31,31,31,30,30,29,30,30,30,365,computed_low,parva_solar_ingress_calibrated_v2,parva_solar_ingress_calibrated_v2_2026_05_06_001,not_official_publication,civil_rule_disagreement;historically_sensitive_month;long_horizon;manual_review_recommended;model_disagreement;outside_static_lookup;sankranti_moderately_near_civil_assignment_boundary;sankranti_near_civil_assignment_boundary
2171,31,31,32,31,31,31,30,30,29,30,30,30,366,computed_low,parva_solar_ingress_calibrated_v2,parva_solar_ingress_calibrated_v2_2026_05_06_001,not_official_publication,civil_rule_disagreement;historically_sensitive_month;long_horizon;manual_review_recommended;model_disagreement;outside_static_lookup;sankranti_moderately_near_civil_assignment_boundary;sankranti_near_civil_assignment_boundary
2172,31,31,32,31,31,31,30,30,29,30,30,30,366,computed_low,parva_solar_ingress_calibrated_v2,parva_solar_ingress_calibrated_v2_2026_05_06_001,not_official_publication,civil_rule_disagreement;historically_sensitive_month;long_horizon;manual_review_recommended;model_disagreement;outside_static_lookup;sankranti_moderately_near_civil_assignment_boundary;sankranti_near_civil_assignment_boundary
2173,31,32,31,31,31,31,30,30,29,30,29,31,366,computed_low,parva_solar_ingress_calibrated_v2,parva_solar_ingress_calibrated_v2_2026_05_06_001,not_official_publication,civil_rule_disagreement;historically_sensitive_month;long_horizon;manual_review_recommended;model_disagreement;outside_static_lookup;sankranti_moderately_near_civil_assignment_boundary;sankranti_near_civil_assignment_boundary
2174,31,31,31,31,31,31,30,30,29,30,30,30,365,computed_low,parva_solar_ingress_calibrated_v2,parva_solar_ingress_calibrated_v2_2026_05_06_001,not_official_publication,civil_rule_disagreement;historically_sensitive_month;long_horizon;manual_review_recommended;model_disagreement;outside_static_lookup;sankranti_moderately_near_civil_assignment_boundary;sankranti_near_civil_assignment_boundary
2175,31,31,32,31,31,31,30,30,29,30,30,30,366,computed_low,parva_solar_ingress_calibrated_v2,parva_solar_ingress_calibrated_v2_2026_05_06_001,not_official_publication,civil_rule_disagreement;historically_sensitive_month;long_horizon;manual_review_recommended;model_disagreement;outside_static_lookup;sankranti_moderately_near_civil_assignment_boundary;sankranti_near_civil_assignment_boundary
2176,31,31,32,31,31,31,30,30,29,30,30,31,367,needs_review,parva_solar_ingress_calibrated_v2,parva_solar_ingress_calibrated_v2_2026_05_06_001,not_official_publication,civil_rule_disagreement;historically_sensitive_month;long_horizon;manual_review_recommended;model_disagreement;outside_static_lookup;sankranti_moderately_near_civil_assignment_boundary;sankranti_near_civil_assignment_boundary
2177,30,32,31,31,31,31,30,30,29,30,29,31,365,needs_review,parva_solar_ingress_calibrated_v2,parva_solar_ingress_calibrated_v2_2026_05_06_001,not_official_publication,civil_rule_disagreement;historically_sensitive_month;long_horizon;manual_review_recommended;model_disagreement;outside_static_lookup;sankranti_moderately_near_civil_assignment_boundary;sankranti_near_civil_assignment_boundary
2178,31,31,31,31,31,31,30,30,29,30,30,30,365,computed_low,parva_solar_ingress_calibrated_v2,parva_solar_ingress_calibrated_v2_2026_05_06_001,not_official_publication,civil_rule_disagreement;historically_sensitive_month;long_horizon;manual_review_recommended;model_disagreement;outside_static_lookup;sankranti_moderately_near_civil_assignment_boundary;sankranti_near_civil_assignment_boundary
2179,31,31,32,31,31,31,30,30,30,29,30,30,366,computed_low,parva_solar_ingress_calibrated_v2,parva_solar_ingress_calibrated_v2_2026_05_06_001,not_official_publication,civil_rule_disagreement;historically_sensitive_month;long_horizon;manual_review_recommended;model_disagreement;outside_static_lookup;sankranti_moderately_near_civil_assignment_boundary;sankranti_near_civil_assignment_boundary
2180,31,31,32,31,31,31,30,30,29,30,30,31,367,computed_low,parva_solar_ingress_calibrated_v2,parva_solar_ingress_calibrated_v2_2026_05_06_001,not_official_publication,civil_rule_disagreement;historically_sensitive_month;long_horizon;manual_review_recommended;model_disagreement;outside_static_lookup;sankranti_moderately_near_civil_assignment_boundary;sankranti_near_civil_assignment_boundary
2181,30,32,31,31,31,31,30,30,29,30,29,31,365,needs_review,parva_solar_ingress_calibrated_v2,parva_solar_ingress_calibrated_v2_2026_05_06_001,not_official_publication,civil_rule_disagreement;historically_sensitive_month;long_horizon;manual_review_recommended;model_disagreement;outside_static_lookup;sankranti_moderately_near_civil_assignment_boundary;sankranti_near_civil_assignment_boundary
2182,31,31,31,31,31,31,30,30,29,30,30,30,365,computed_low,parva_solar_ingress_calibrated_v2,parva_solar_ingress_calibrated_v2_2026_05_06_001,not_official_publication,civil_rule_disagreement;historically_sensitive_month;long_horizon;manual_review_recommended;model_disagreement;outside_static_lookup;sankranti_moderately_near_civil_assignment_boundary;sankranti_near_civil_assignment_boundary
2183,31,31,32,31,31,31,30,30,30,29,30,30,366,computed_low,parva_solar_ingress_calibrated_v2,parva_solar_ingress_calibrated_v2_2026_05_06_001,not_official_publication,civil_rule_disagreement;historically_sensitive_month;long_horizon;manual_review_recommended;model_disagreement;outside_static_lookup;sankranti_moderately_near_civil_assignment_boundary;sankranti_near_civil_assignment_boundary
2184,31,31,32,31,31,31,30,30,29,30,30,31,367,needs_review,parva_solar_ingress_calibrated_v2,parva_solar_ingress_calibrated_v2_2026_05_06_001,not_official_publication,civil_rule_disagreement;historically_sensitive_month;long_horizon;manual_review_recommended;model_disagreement;outside_static_lookup;sankranti_moderately_near_civil_assignment_boundary;sankranti_near_civil_assignment_boundary
2185,30,32,31,31,31,31,30,30,29,30,29,31,365,needs_review,parva_solar_ingress_calibrated_v2,parva_solar_ingress_calibrated_v2_2026_05_06_001,not_official_publication,civil_rule_disagreement;historically_sensitive_month;long_horizon;manual_review_recommended;model_disagreement;outside_static_lookup;sankranti_moderately_near_civil_assignment_boundary;sankranti_near_civil_assignment_boundary
2186,31,31,31,31,31,31,30,30,30,29,30,30,365,computed_low,parva_solar_ingress_calibrated_v2,parva_solar_ingress_calibrated_v2_2026_05_06_001,not_official_publication,civil_rule_disagreement;historically_sensitive_month;long_horizon;manual_review_recommended;model_disagreement;outside_static_lookup;sankranti_moderately_near_civil_assignment_boundary;sankranti_near_civil_assignment_boundary
2187,31,31,32,31,31,31,30,29,30,29,30,30,365,computed_low,parva_solar_ingress_calibrated_v2,parva_solar_ingress_calibrated_v2_2026_05_06_001,not_official_publication,civil_rule_disagreement;historically_sensitive_month;long_horizon;manual_review_recommended;model_disagreement;outside_static_lookup;sankranti_moderately_near_civil_assignment_boundary;sankranti_near_civil_assignment_boundary
2188,31,31,32,31,31,31,30,30,29,30,30,31,367,needs_review,parva_solar_ingress_calibrated_v2,parva_solar_ingress_calibrated_v2_2026_05_06_001,not_official_publication,civil_rule_disagreement;historically_sensitive_month;long_horizon;manual_review_recommended;model_disagreement;outside_static_lookup;sankranti_moderately_near_civil_assignment_boundary;sankranti_near_civil_assignment_boundary
2189,30,32,31,31,31,31,30,30,29,30,29,31,365,needs_review,parva_solar_ingress_calibrated_v2,parva_solar_ingress_calibrated_v2_2026_05_06_001,not_official_publication,civil_rule_disagreement;historically_sensitive_month;long_horizon;manual_review_recommended;model_disagreement;outside_static_lookup;sankranti_moderately_near_civil_assignment_boundary;sankranti_near_civil_assignment_boundary
2190,31,31,31,32,31,31,30,30,30,29,30,30,366,needs_review,parva_solar_ingress_calibrated_v2,parva_solar_ingress_calibrated_v2_2026_05_06_001,not_official_publication,civil_rule_disagreement;historically_sensitive_month;long_horizon;manual_review_recommended;model_disagreement;outside_static_lookup;sankranti_moderately_near_civil_assignment_boundary;sankranti_near_civil_assignment_boundary
2191,31,31,31,31,31,31,30,29,30,29,30,30,364,needs_review,parva_solar_ingress_calibrated_v2,parva_solar_ingress_calibrated_v2_2026_05_06_001,not_official_publication,civil_rule_disagreement;historically_sensitive_month;long_horizon;manual_review_recommended;model_disagreement;outside_static_lookup;sankranti_moderately_near_civil_assignment_boundary;sankranti_near_civil_assignment_boundary
2192,31,31,32,31,31,31,30,30,29,30,30,31,367,needs_review,parva_solar_ingress_calibrated_v2,parva_solar_ingress_calibrated_v2_2026_05_06_001,not_official_publication,civil_rule_disagreement;historically_sensitive_month;long_horizon;manual_review_recommended;model_disagreement;outside_static_lookup;sankranti_moderately_near_civil_assignment_boundary;sankranti_near_civil_assignment_boundary
2193,30,32,31,31,31,31,30,30,29,30,30,30,365,computed_low,parva_solar_ingress_calibrated_v2,parva_solar_ingress_calibrated_v2_2026_05_06_001,not_official_publication,civil_rule_disagreement;historically_sensitive_month;long_horizon;manual_review_recommended;model_disagreement;outside_static_lookup;sankranti_moderately_near_civil_assignment_boundary;sankranti_near_civil_assignment_boundary
2194,31,31,31,32,31,31,30,29,30,29,30,30,365,needs_review,parva_solar_ingress_calibrated_v2,parva_solar_ingress_calibrated_v2_2026_05_06_001,not_official_publication,civil_rule_disagreement;historically_sensitive_month;long_horizon;manual_review_recommended;model_disagreement;outside_static_lookup;sankranti_moderately_near_civil_assignment_boundary;sankranti_near_civil_assignment_boundary
2195,31,31,31,31,31,31,30,29,30,29,30,30,364,computed_low,parva_solar_ingress_calibrated_v2,parva_solar_ingress_calibrated_v2_2026_05_06_001,not_official_publication,civil_rule_disagreement;historically_sensitive_month;long_horizon;manual_review_recommended;model_disagreement;outside_static_lookup;sankranti_moderately_near_civil_assignment_boundary;sankranti_near_civil_assignment_boundary
2196,31,31,31,31,31,31,30,30,29,30,30,30,365,needs_review,parva_solar_ingress_calibrated_v2,parva_solar_ingress_calibrated_v2_2026_05_06_001,not_official_publication,civil_rule_disagreement;historically_sensitive_month;long_horizon;manual_review_recommended;model_disagreement;outside_static_lookup;sankranti_moderately_near_civil_assignment_boundary;sankranti_near_civil_assignment_boundary
2197,30,32,31,31,31,31,30,30,29,30,30,30,365,computed_low,parva_solar_ingress_calibrated_v2,parva_solar_ingress_calibrated_v2_2026_05_06_001,not_official_publication,civil_rule_disagreement;historically_sensitive_month;long_horizon;manual_review_recommended;model_disagreement;outside_static_lookup;sankranti_moderately_near_civil_assignment_boundary;sankranti_near_civil_assignment_boundary
2198,31,31,31,32,31,31,30,29,30,29,30,30,365,needs_review,parva_solar_ingress_calibrated_v2,parva_solar_ingress_calibrated_v2_2026_05_06_001,not_official_publication,civil_rule_disagreement;historically_sensitive_month;long_horizon;manual_review_recommended;model_disagreement;outside_static_lookup;sankranti_moderately_near_civil_assignment_boundary;sankranti_near_civil_assignment_boundary
2199,31,31,31,31,31,31,30,29,30,29,30,30,364,computed_low,parva_solar_ingress_calibrated_v2,parva_solar_ingress_calibrated_v2_2026_05_06_001,not_official_publication,civil_rule_disagreement;historically_sensitive_month;long_horizon;manual_review_recommended;model_disagreement;outside_static_lookup;sankranti_moderately_near_civil_assignment_boundary;sankranti_near_civil_assignment_boundary
2200,31,31,31,31,31,31,30,30,29,30,30,30,365,needs_review,parva_solar_ingress_calibrated_v2,parva_solar_ingress_calibrated_v2_2026_05_06_001,not_official_publication,civil_rule_disagreement;historically_sensitive_month;long_horizon;manual_review_recommended;model_disagreement;outside_static_lookup;sankranti_moderately_near_civil_assignment_boundary;sankranti_near_civil_assignment_boundary
